[
{"type":"header","version":"5.0.2","comment":"Export to JSON plugin for PHPMyAdmin"},
{"type":"database","name":"groupo1"},
{"type":"table","name":"commented","database":"groupo1","data":
[
{"Id_com":"101","User_com":"13","Post_com":"102","Text_com":" the development build is not optimized","Visuel_com":"","Date_com":null},
{"Id_com":"102","User_com":"19","Post_com":"102","Text_com":"Les changements à opérer sont majeurs","Visuel_com":"","Date_com":null},
{"Id_com":"103","User_com":"18","Post_com":"102","Text_com":"Son  résumé à l’intention des décideurs ?","Visuel_com":"","Date_com":null},
{"Id_com":"104","User_com":"12","Post_com":"113","Text_com":"pardon des precisions","Visuel_com":"","Date_com":null},
{"Id_com":"105","User_com":"16","Post_com":"113","Text_com":"quoi svp","Visuel_com":"","Date_com":null},
{"Id_com":"106","User_com":"16","Post_com":"113","Text_com":"warum ?","Visuel_com":"","Date_com":null},
{"Id_com":"107","User_com":"19","Post_com":"108","Text_com":"des precisions","Visuel_com":"","Date_com":null},
{"Id_com":"108","User_com":"16","Post_com":"108","Text_com":"comment ?","Visuel_com":"","Date_com":null},
{"Id_com":"109","User_com":"11","Post_com":"108","Text_com":"t est sur ?","Visuel_com":"","Date_com":null},
{"Id_com":"110","User_com":"10","Post_com":"112","Text_com":"uuu","Visuel_com":"","Date_com":null},
{"Id_com":"111","User_com":"13","Post_com":"107","Text_com":"Les changements à opérer sont mineurs","Visuel_com":"","Date_com":null}
]
}
,{"type":"table","name":"liked","database":"groupo1","data":
[
{"Id_like":"101","User_like":"15","Post_like":"102","Date_like":null},
{"Id_like":"102","User_like":"16","Post_like":"102","Date_like":null},
{"Id_like":"103","User_like":"17","Post_like":"102","Date_like":null},
{"Id_like":"104","User_like":"14","Post_like":"103","Date_like":null},
{"Id_like":"105","User_like":"16","Post_like":"103","Date_like":null},
{"Id_like":"106","User_like":"19","Post_like":"103","Date_like":null},
{"Id_like":"107","User_like":"16","Post_like":"104","Date_like":null},
{"Id_like":"108","User_like":"19","Post_like":"104","Date_like":null},
{"Id_like":"109","User_like":"19","Post_like":"107","Date_like":null},
{"Id_like":"110","User_like":"15","Post_like":"107","Date_like":null}
]
}
,{"type":"table","name":"persons","database":"groupo1","data":
[
{"Id_user":"10","Pseudo":"Léa","Email":"Léa@mannia.fr","PassWord":"100","Visuel_user":null,"isAdmin":null,"isActif":null},
{"Id_user":"11","Pseudo":"Sophie","Email":"Sophie@mannia.fr","PassWord":"111","Visuel_user":null,"isAdmin":null,"isActif":null},
{"Id_user":"12","Pseudo":"Marie","Email":"Marie@mannia.fr","PassWord":"122","Visuel_user":null,"isAdmin":null,"isActif":null},
{"Id_user":"13","Pseudo":"Lucie","Email":"Lucie@mannia.fr","PassWord":"133","Visuel_user":null,"isAdmin":null,"isActif":null},
{"Id_user":"14","Pseudo":"Maria2","Email":"Maria@mannia.fr","PassWord":"144","Visuel_user":null,"isAdmin":null,"isActif":null},
{"Id_user":"15","Pseudo":"Laure","Email":"Laure@mannia.fr","PassWord":"155","Visuel_user":null,"isAdmin":null,"isActif":null},
{"Id_user":"16","Pseudo":"Anne","Email":"Anne@mannia.fr","PassWord":"166","Visuel_user":null,"isAdmin":null,"isActif":null},
{"Id_user":"17","Pseudo":"Amy","Email":"Amy@mannia.fr","PassWord":"177","Visuel_user":null,"isAdmin":null,"isActif":null},
{"Id_user":"18","Pseudo":"Aurore","Email":"Aurore@mannia.fr","PassWord":"188","Visuel_user":null,"isAdmin":"1","isActif":null},
{"Id_user":"19","Pseudo":"Rose","Email":"Rosee@mannia.fr","PassWord":"199","Visuel_user":null,"isAdmin":null,"isActif":null}
]
}
,{"type":"table","name":"posts","database":"groupo1","data":
[
{"Post_id":"102","Post_user":"14","Titre":"Météo. En Bretagne !!","Contenu":" plusieurs records de froid sont tombés dans la nuit de dimanche à lundi","Post_visuel":null,"Date_post":"2022-04-03 13:19:42","Likes":"0","comment":"0"},
{"Post_id":"103","Post_user":"11","Titre":"EMétéo. En Bretagne ?, ","Contenu":" Il a fait jusqu’à – 5,2 °C à Pleucadeuc (Morbihan), – 4,2 °C à Fougères (Ille-et-Vilaine). Les températures remontent à partir de ce lundi.","Post_visuel":null,"Date_post":"2022-04-03 13:19:42","Likes":"0","comment":"0"},
{"Post_id":"104","Post_user":"10","Titre":"Elon Musk","Contenu":"Le PDG de Tesla et de SpaceX, Elon Musk, est désormais le premier actionnaire du réseau social Twitter. Des documents publiés le 4 avril par le régulateur de la Bourse américaine montrent que M. Musk a acquis 9,2 % des actions du réseau social","Post_visuel":null,"Date_post":"2022-04-03 12:59:42","Likes":"0","comment":"0"},
{"Post_id":"105","Post_user":"10","Titre":"Elon Musk2","Contenu":" Elon Musk, est nés le 4 avril par le régulateur du réseau social,","Post_visuel":null,"Date_post":"2022-04-03 13:19:42","Likes":"0","comment":"0"},
{"Post_id":"106","Post_user":"11","Titre":"GUERRE EN UKRAINE 1 : LA COLLECTION MOROZOV VA-T-ELLE POUVOIR RENTRER EN RUSSIE ?","Contenu":"Alors que l’exposition de la collection Morozov à la Fondation Louis Vuitton s’est terminée le dimanche 3 avril, la question du retour des œuvres en Russie interroge. Explications.Depuis le 22 septembre dernier, environ 200 œuvres  de Van Gogh, Gauguin, Renoir, Cézanne, Matisse, Bonnard, Monet ou encore Manet...,","Post_visuel":null,"Date_post":"2022-04-03 13:29:42","Likes":"0","comment":"0"},
{"Post_id":"107","Post_user":"11","Titre":"GUERRE EN UKRAINE 1 : LA COLLECTION MOROZOV?","Contenu":"Un tableau intitulé «Piotr Kontchalovski – Autoportrait» (1912) pose particulièrement problème puisqu’il provient de la collection particulière de Petr Aven, un oligarque russe proche de Vladimir Poutine qui figure sur la liste des personnalités russes.. ","Post_visuel":null,"Date_post":"2022-04-03 13:29:42","Likes":"0","comment":"0"},
{"Post_id":"108","Post_user":"13","Titre":"PRÉSIDENTIELLE 2022 : VOICI COMMENT CONNAÎTRE L ADRESSE DE SON BUREAU DE VOTE","Contenu":" grâce à un site Internet du service public. En cliquant ICI, vous pouvez en effet «interroger [votre situation] électorale». Cela permet à tout un chacun de","Post_visuel":null,"Date_post":"2022-04-03 13:23:42","Likes":"0","comment":"0"},
{"Post_id":"109","Post_user":"15","Titre":"PRÉSIDENTIELLE 2022  ..:","Contenu":"Attention également à respecter les consignes sanitaires mises en place pour éviter au maximum la propagation du coronavirus,","Post_visuel":null,"Date_post":"2022-04-03 13:49:22","Likes":"0","comment":"0"},
{"Post_id":"110","Post_user":"15","Titre":"PRÉSIDENTIELLE 2022 etc... :","Contenu":" Porter un masque, respecter les distances entre chaque personne, apporter son propre stylo pour émarger... ","Post_visuel":null,"Date_post":"2022-04-03 13:49:22","Likes":"0","comment":"0"},
{"Post_id":"111","Post_user":"16","Titre":"La PRÉSIDENTIELLE 2022 :","Contenu":" vous ne savez peut-être pas quel est votre bureau de vote. Pour y remédier, vous pouvez vérifier sur votre carte électorale.","Post_visuel":null,"Date_post":"2022-04-03 13:49:22","Likes":"0","comment":"0"},
{"Post_id":"112","Post_user":"15","Titre":"Programme TV Mystic River (Arte)","Contenu":"En mai 2003, Clint Eastwood présente au Festival de Cannes son vingt-quatrième long métrage : Mystic River. Le film repart bredouille,","Post_visuel":null,"Date_post":"2022-04-03 13:49:12","Likes":"0","comment":"0"},
{"Post_id":"113","Post_user":"15","Titre":"Mystic River","Contenu":"En fait, Mystic River est avant tout une tragédie. Une histoire d’une noirceur abyssale. Les personnages sont traversés de douleurs et habités d’une tristesse infinie","Post_visuel":null,"Date_post":"2022-04-03 13:22:22","Likes":"0","comment":"0"},
{"Post_id":"114","Post_user":"15","Titre":"Mystic River et puis quoi ?","Contenu":"Tim Robbins semble littéralement flirter avec la folie, Sean Penn fait preuve d’une intensité folle. A la limite de l’excès, il est un inoubliable,","Post_visuel":null,"Date_post":"2022-04-03 13:22:22","Likes":"0","comment":"0"},
{"Post_id":"115","Post_user":"17","Titre":"Boulevard de la mort","Contenu":"Face au redoutable meurtrier (le génial Kurt Russell), Tarantino fait défiler une bande de supernanas libérées – dans les actes comme dans leur torrent de paroles – qui s’offriront une vengeance délectable en forme d’apothéose sanglante.","Post_visuel":null,"Date_post":"2022-04-03 13:22:22","Likes":"0","comment":"0"},
{"Post_id":"116","Post_user":"15","Titre":"Boulevard de la mort un avis","Contenu":"Un cascadeur \"serial killer\" (Kurt Russell) pourchasse des jeunes femmes délurées au volant de son bolide... Entre amour inconditionnel et savoureuse dérision, un pastiche jubilatoire du cinéma d’exploitation des seventies par le maestro Quentin Tarantino. ","Post_visuel":null,"Date_post":"2022-04-03 13:22:22","Likes":"0","comment":"0"},
{"Post_id":"117","Post_user":"18","Titre":"Boulevard de la mort Girl power : ","Contenu":"Pour son sixième opus, passablement boudé par les spectateurs, entre les succès de \"Kill Bill\" et d’\"Inglourious Basterds\", Quentin Tarantino pousse à son paroxysme l’hommage au cinéma bis qui traverse sa flamboyante filmographie","Post_visuel":null,"Date_post":"2022-04-03 13:22:22","Likes":"0","comment":"0"},
{"Post_id":"118","Post_user":"18","Titre":" Boulevard de la mort Girl power l","Contenu":" Quatorze mois plus tard, le psychopathe, désormais dans le Tennessee et au volant d’une Dodge, se lance à la poursuite de Lee, Abernathy, Kim et Zoë, qui toutes travaillent dans le cinéma, dont l’une comme cascadeuse","Post_visuel":null,"Date_post":"2022-04-03 13:21:22","Likes":"0","comment":"0"},
{"Post_id":"119","Post_user":"18","Titre":"Boulevard de la mort Girl power 3: ","Contenu":" À Austin, après avoir explosé la tête d’une de ses victimes sur le tableau de bord, Mike prend en chasse trois copines, Arlene, Shanna et la DJ \"Jungle\" Julia, star d’une radio locale","Post_visuel":null,"Date_post":"2022-04-03 13:22:42","Likes":"0","comment":"0"},
{"Post_id":"120","Post_user":"10","Titre":"Caché le film ","Contenu":"Qui menace le célèbre journaliste littéraire Georges Laurent en lui envoyant des vidéos anonymes ? Un polar diabolique de Michael Haneke, primé à Cannes, et servi par Daniel Auteuil et Juliette Binoche.","Post_visuel":null,"Date_post":"2022-04-03 13:19:42","Likes":"0","comment":"0"},
{"Post_id":"121","Post_user":"10","Titre":"Caché le pitch","Contenu":"Michael Haneke fait durer le suspense jusqu'à la dernière minute. D'aucuns affirment que la réponse est dans le dernier plan","Post_visuel":null,"Date_post":"2022-04-03 13:19:42","Likes":"0","comment":"0"},
{"Post_id":"122","Post_user":"11","Titre":"Caché alors ?","Contenu":"Arrêt sur image C est un film splendide et vertigineux, riche de réflexions sur les blessures d'enfance à jamais béantes, la solitude face aux démons intérieurs, les ravages du secret dans un couple, la manière dont la culpabilité ronge un individu et la revanche du refoulé\", écrivait Jean-Luc Douin","Post_visuel":null,"Date_post":"2022-04-03 13:19:42","Likes":"0","comment":"0"},
{"Post_id":"123","Post_user":"13","Titre":"PRÉSIDENTIELLE 2022 : COMMENT VOTER","Contenu":"  Dans la plupart des villes, les bureaux ferment leurs portes à 18h. Dans les villes moyennes, la fermeture est généralement repoussée d une heure","Post_visuel":null,"Date_post":"2022-04-03 13:23:42","Likes":"0","comment":"0"},
{"Post_id":"124","Post_user":"18","Titre":"yuyuyyu","Contenu":null,"Post_visuel":null,"Date_post":null,"Likes":"0","comment":"0"}
]
}
]
